5662,Delmar,Stiedemann,delmar.stiedemann,delmar.stiedemann@email.com,https://robohash.org/quiautreprehenderit.png?size=300x300&set=set1,Bigender,+55 1-530-830-7035,381464585,1988-08-29
2090,Chan,Klocko,chan.klocko,chan.klocko@email.com,https://robohash.org/veritatisvitaenumquam.png?size=300x300&set=set1,Polygender,+31 1-290-554-9038,287600837,1983-04-29
8933,Jared,Zieme,jared.zieme,jared.zieme@email.com,https://robohash.org/quiaadipiscialiquam.png?size=300x300&set=set1,Agender,+886 1-121-674-3594,316774413,1996-10-30
9113,Ricky,Flatley,ricky.flatley,ricky.flatley@email.com,https://robohash.org/eanatussit.png?size=300x300&set=set1,Agender,+238 100.294.3258 x8974,460692148,1960-03-30
2839,Johnsie,Sawayn,johnsie.sawayn,johnsie.sawayn@email.com,https://robohash.org/perferendisdoloreset.png?size=300x300&set=set1,Bigender,+84 714.434.2854 x977,937949576,1969-12-22
1418,Edgardo,Robel,edgardo.robel,edgardo.robel@email.com,https://robohash.org/estfugiatnulla.png?size=300x300&set=set1,Polygender,+995 1-359-967-5743 x828,618392682,1980-10-22
4776,Celinda,Cartwright,celinda.cartwright,celinda.cartwright@email.com,https://robohash.org/eanequenon.png?size=300x300&set=set1,Genderfluid,+670 416.758.7684 x12389,920172988,1964-09-11
3710,Zoe,Predovic,zoe.predovic,zoe.predovic@email.com,https://robohash.org/etnemoillum.png?size=300x300&set=set1,Polygender,+599 1-338-149-0945 x913,926192709,1984-08-15
9886,Erma,Gutkowski,erma.gutkowski,erma.gutkowski@email.com,https://robohash.org/illumtotamnesciunt.png?size=300x300&set=set1,Male,+371 1-113-217-7690,689479194,1964-11-17
1278,Elinor,Smith,elinor.smith,elinor.smith@email.com,https://robohash.org/facerevoluptatesiusto.png?size=300x300&set=set1,Polygender,+1-345 817-094-4887 x25239,411161094,1977-10-12
6476,Octavio,Konopelski,octavio.konopelski,octavio.konopelski@email.com,https://robohash.org/sapientemolestiasdignissimos.png?size=300x300&set=set1,Genderfluid,+1-868 1-800-510-8199 x149,697074862,1973-09-28
6007,Regena,Homenick,regena.homenick,regena.homenick@email.com,https://robohash.org/consequunturinat.png?size=300x300&set=set1,Bigender,+380 321-920-6176 x08476,269789731,1979-08-03
4695,Dylan,Douglas,dylan.douglas,dylan.douglas@email.com,https://robohash.org/molestiasomnisvoluptatibus.png?size=300x300&set=set1,Polygender,+33 100-693-5809,761603398,1959-07-08
6293,Lino,Legros,lino.legros,lino.legros@email.com,https://robohash.org/sapienteutcum.png?size=300x300&set=set1,Non-binary,+258 598-383-9416 x9781,229192430,1989-09-24
6016,Deon,Erdman,deon.erdman,deon.erdman@email.com,https://robohash.org/atestut.png?size=300x300&set=set1,Non-binary,+91 (306) 266-7989 x721,659395412,1996-09-16
7302,Chantay,Brekke,chantay.brekke,chantay.brekke@email.com,https://robohash.org/nonametnostrum.png?size=300x300&set=set1,Polygender,+46 316.567.8511 x68964,956501597,1966-07-31
8774,Rob,Collier,rob.collier,rob.collier@email.com,https://robohash.org/dictasintarchitecto.png?size=300x300&set=set1,Bigender,+387 399.518.9940 x91290,537500266,1969-03-20
3818,Calvin,O'Conner,calvin.o'conner,calvin.o'conner@email.com,https://robohash.org/sitquiadolores.png?size=300x300&set=set1,Bigender,+1-340 (584) 858-2107 x5293,163867591,1964-12-21
4715,Lewis,Greenfelder,lewis.greenfelder,lewis.greenfelder@email.com,https://robohash.org/hicautenim.png?size=300x300&set=set1,Genderfluid,+974 578-277-3341,161450564,1985-07-03
9106,Johna,Wehner,johna.wehner,johna.wehner@email.com,https://robohash.org/rationeetin.png?size=300x300&set=set1,Genderfluid,+1-876 123.299.5085 x620,519169213,2002-12-07
4906,Elisabeth,Leffler,elisabeth.leffler,elisabeth.leffler@email.com,https://robohash.org/totamdolorvoluptatibus.png?size=300x300&set=set1,Genderfluid,+238 890-560-1034,584595961,1984-04-30
5336,Merlene,Auer,merlene.auer,merlene.auer@email.com,https://robohash.org/sintvoluptasvoluptatem.png?size=300x300&set=set1,Male,+225 1-123-260-9214 x330,213416563,1990-06-11
4602,Cinderella,Koch,cinderella.koch,cinderella.koch@email.com,https://robohash.org/estquianon.png?size=300x300&set=set1,Non-binary,+850 998.497.8540 x27614,390758472,1982-09-14
4654,Jose,Harber,jose.harber,jose.harber@email.com,https://robohash.org/utevenietet.png?size=300x300&set=set1,Genderqueer,+678 (538) 886-6202,105583041,1997-08-15
16,Juliette,Gusikowski,juliette.gusikowski,juliette.gusikowski@email.com,https://robohash.org/magnamfugitsequi.png?size=300x300&set=set1,Bigender,+234 403-967-8011 x26190,965385032,1999-01-28
4532,Arlen,Ledner,arlen.ledner,arlen.ledner@email.com,https://robohash.org/quibusdamatmagni.png?size=300x300&set=set1,Agender,+238 330-375-9451 x10261,252146147,1978-10-01
2636,Vickie,Cummings,vickie.cummings,vickie.cummings@email.com,https://robohash.org/asperioressitautem.png?size=300x300&set=set1,Polygender,+594 219-597-2183 x51430,677220881,1979-01-06
5183,Bryce,Mitchell,bryce.mitchell,bryce.mitchell@email.com,https://robohash.org/doloremiustout.png?size=300x300&set=set1,Genderfluid,+421 (485) 489-7644,623232618,1986-04-10
6476,Christeen,Frami,christeen.frami,christeen.frami@email.com,https://robohash.org/utsapientedoloremque.png?size=300x300&set=set1,Non-binary,+49 (730) 702-2068,676188816,2002-07-02
6436,Lawanda,Schamberger,lawanda.schamberger,lawanda.schamberger@email.com,https://robohash.org/autillumqui.png?size=300x300&set=set1,Male,+225 927.355.3099,226119873,2002-04-25
1705,Luis,Halvorson,luis.halvorson,luis.halvorson@email.com,https://robohash.org/fugiatautnihil.png?size=300x300&set=set1,Female,+47 985-693-9415 x455,545709511,1994-08-30
4405,Dell,Kuhic,dell.kuhic,dell.kuhic@email.com,https://robohash.org/autabsit.png?size=300x300&set=set1,Genderqueer,+94 1-213-362-1901 x70001,608429221,1994-07-01
9304,Nathan,Bartell,nathan.bartell,nathan.bartell@email.com,https://robohash.org/necessitatibusarchitectout.png?size=300x300&set=set1,Bigender,+224 105.136.6023 x552,347195687,1964-01-23
5893,Geoffrey,Emmerich,geoffrey.emmerich,geoffrey.emmerich@email.com,https://robohash.org/temporibusdelectuset.png?size=300x300&set=set1,Polygender,+509 1-276-018-9041 x055,452456379,2000-04-29
3274,Alex,Grady,alex.grady,alex.grady@email.com,https://robohash.org/oditnumquamunde.png?size=300x300&set=set1,Male,+809 174-782-9013 x5705,177673605,1974-06-19
2318,Verdell,Pouros,verdell.pouros,verdell.pouros@email.com,https://robohash.org/eaquenesciuntquae.png?size=300x300&set=set1,Polygender,+961 186-635-8107,682090030,1959-11-11
3931,Noe,Monahan,noe.monahan,noe.monahan@email.com,https://robohash.org/etetvoluptatum.png?size=300x300&set=set1,Genderfluid,+850 1-583-180-5291 x586,233315621,1963-05-01
3486,Tomas,Lowe,tomas.lowe,tomas.lowe@email.com,https://robohash.org/sapienteveniamconsectetur.png?size=300x300&set=set1,Non-binary,+1-784 (427) 889-8467 x0301,905573903,1986-03-29
794,Dorathy,Sipes,dorathy.sipes,dorathy.sipes@email.com,https://robohash.org/ipsumautemquasi.png?size=300x300&set=set1,Polygender,+41 644.315.0369,475333142,1960-11-16
190,Lakeshia,Lynch,lakeshia.lynch,lakeshia.lynch@email.com,https://robohash.org/atqueasperioresex.png?size=300x300&set=set1,Female,+1-284 1-609-422-4904,309122703,1999-02-28
5296,Scarlett,Koss,scarlett.koss,scarlett.koss@email.com,https://robohash.org/reiciendisrerumut.png?size=300x300&set=set1,Polygender,+39 807.603.5244,906025713,1990-04-30
5373,Roland,Wilkinson,roland.wilkinson,roland.wilkinson@email.com,https://robohash.org/similiqueeosquos.png?size=300x300&set=set1,Non-binary,+256 1-476-167-4945 x344,495426454,1986-05-01
8432,Brendan,Littel,brendan.littel,brendan.littel@email.com,https://robohash.org/numquamcumqueet.png?size=300x300&set=set1,Polygender,+968 1-630-482-5511 x945,678684663,1991-07-28
4637,Curtis,Stiedemann,curtis.stiedemann,curtis.stiedemann@email.com,https://robohash.org/eavelab.png?size=300x300&set=set1,Polygender,+1-670 183-954-6385,977611854,1985-11-30
5995,Kathryn,Koch,kathryn.koch,kathryn.koch@email.com,https://robohash.org/quosdictaab.png?size=300x300&set=set1,Female,+675 857.743.8555 x699,330938309,1988-06-26
4469,Mertie,Fadel,mertie.fadel,mertie.fadel@email.com,https://robohash.org/fugitnihilquia.png?size=300x300&set=set1,Genderqueer,+354 403.410.2282 x15073,950638569,1983-08-08
9054,Dona,Witting,dona.witting,dona.witting@email.com,https://robohash.org/etvoluptatumsint.png?size=300x300&set=set1,Bigender,+236 1-561-502-5720 x2037,364006635,1966-05-06
7422,Augustine,Purdy,augustine.purdy,augustine.purdy@email.com,https://robohash.org/sedsintvoluptas.png?size=300x300&set=set1,Polygender,+1-758 912.462.4250,265445353,2006-05-26
1133,Magdalene,Braun,magdalene.braun,magdalene.braun@email.com,https://robohash.org/etquiavoluptatem.png?size=300x300&set=set1,Male,+676 601-456-5141 x65563,777405341,1969-02-16
2352,Liberty,Schulist,liberty.schulist,liberty.schulist@email.com,https://robohash.org/autipsumvoluptatibus.png?size=300x300&set=set1,Genderqueer,+91 446.691.0678,517165973,2005-08-26